{
  "uuid": "21bcf492-1fc9-499f-8169-06306a336941",
  "name": "LHW室内设计-基础Class01后半部分：桌椅",
  "version_string": "1.21.1",
  "world_name": "五洲服务器",
  "data_version": 3953,
  "protocol_version": 767,
  "total_ticks": 19622,
  "customNamespacesForRegistries": {
    "minecraft:mob_effect": [
      "xaerominimap"
    ]
  },
  "chunks": {
    "c0.flashback": {
      "duration": 6000,
      "forcePlaySnapshot": false
    },
    "c1.flashback": {
      "duration": 6000,
      "forcePlaySnapshot": false
    },
    "c2.flashback": {
      "duration": 6000,
      "forcePlaySnapshot": false
    },
    "c3.flashback": {
      "duration": 1622,
      "forcePlaySnapshot": false
    }
  }
}